{"nodes":{"node:1":{"location":{"x":60,"y":60}},"node:10":{"location":{"x":259,"y":63}}},"selection":["link:100"],"view":{"scroll":{"x":35.214111328125,"y":-109.3348388671875},"visible_rect":{"max":{"x":473.1070556640625,"y":258.83258056640625},"min":{"x":17.6070556640625,"y":-54.66741943359375}},"zoom":2}}