{"nodes":{"node:1":{"location":{"x":147,"y":16}},"node:10":{"location":{"x":275,"y":15}}},"selection":null,"view":{"scroll":{"x":55.214111328125,"y":-118.3348388671875},"visible_rect":{"max":{"x":483.1070556640625,"y":254.33258056640625},"min":{"x":27.6070556640625,"y":-59.16741943359375}},"zoom":2}}