{"nodes":{"node:1":{"location":{"x":2019,"y":47}},"node:2":{"location":{"x":1000,"y":60}}},"selection":null,"view":{"scroll":{"x":3730.107421875,"y":-140.667572021484375},"visible_rect":{"max":{"x":2320.5537109375,"y":243.166213989257812},"min":{"x":1865.0537109375,"y":-70.3337860107421875}},"zoom":2}}